{
  "availableToAllPages": true,
  "config": {
    "bannerLink1": "",
    "bannerLink2": "http://google.com",
    "bannerLink3": "http://www.google.com",
    "bannerLink4": "",
    "bannerLink5": "http://www.deviantart.com",
    "bannerLink6": "",
    "bannerText1": "Valid start date",
    "bannerText2": "Valid end date",
    "bannerText3": "No date",
    "bannerText4": "No image",
    "bannerText5": "Without url",
    "bannerText6": "",
    "boolAutoplayCarousel": true,
    "boolLoopCarousel": true,
    "endDate1": "",
    "endDate2": "20180001",
    "endDate3": "",
    "endDate4": "20180101",
    "endDate5": "20170101",
    "endDate6": "",
    "generalconfigTitle": "",
    "imageTitle1": "",
    "imageTitle2": "",
    "imageTitle3": "",
    "imageTitle4": "",
    "imageTitle5": "",
    "imageTitle6": "",
    "imageUrl1": {
      "mediaName": "/general/cat_face_profile_black_background_hd-wallpaper-63854.jpg",
      "src": "/file/v3348577789972135897/general/cat_face_profile_black_background_hd-wallpaper-63854.jpg"
    },
    "imageUrl2": {
      "mediaName": "/general/300x200_Lighting-Showcase-Photo-2.jpg",
      "src": "/file/v3133455554456666584/general/300x200_Lighting-Showcase-Photo-2.jpg"
    },
    "imageUrl3": {
      "mediaName": "/general/domino2-300x200.jpg",
      "src": "/file/v7751072756340246711/general/domino2-300x200.jpg"
    },
    "imageUrl4": {
      "mediaName": "",
      "src": ""
    },
    "imageUrl5": {
      "mediaName": "https://www.google.by/search?q=cats&num=30&newwindow=1&source=lnms&tbm=isch&sa=X&ved=0ahUKEwjgutePzczVAhUMDMAKHXX0ApUQ_AUICigB&biw=1920&bih=974#imgrc=7AyhySNap_nIZM:",
      "src": ""
    },
    "imageUrl6": {
      "mediaName": "",
      "src": ""
    },
    "mobileImageUrl1": {
      "mediaName": "/products/30311_ABRG.jpg",
      "src": "/file/v5116805760706628360/products/30311_ABRG.jpg"
    },
    "mobileImageUrl2": {
      "mediaName": "/products/30330_UWTB_OM1.jpg",
      "src": "/file/v1863301534338312511/products/30330_UWTB_OM1.jpg"
    },
    "mobileImageUrl3": {
      "mediaName": "/products/83635_LGDG.jpg",
      "src": "/file/v8935917028849246130/products/83635_LGDG.jpg"
    },
    "mobileImageUrl4": {
      "mediaName": "",
      "src": ""
    },
    "mobileImageUrl5": {
      "mediaName": "",
      "src": ""
    },
    "mobileImageUrl6": {
      "mediaName": "",
      "src": ""
    },
    "startDate1": "20170001",
    "startDate2": "",
    "startDate3": "",
    "startDate4": "",
    "startDate5": "20170202",
    "startDate6": "",
    "timeSwitchImage": "4"
  },
  "global": false,
  "globalEnabled": true,
  "imports": [],
  "javascript": "kseniaPodHeroBanner",
  "jsEditable": true,
  "minWidth": 1,
  "name": "KseniaPod Hero Banner Widget Instanse",
  "source": 101,
  "version": 1,
  "widgetFamily": "kseniaPodHeroBanner",
  "widgetType": "kseniaPodHeroBanner"
}